0;0;Closing semaphore allowing_lecture ML before while.
0;0;Waiting for messages.
0;2;Received a valid message from [9]
0;2;Waiting for messages.
0;2;Received info that [9] wants to enter Pyrkon.
0;2;Closing semaphore allowing_pyrkon {allow_pyrkon}.
0;2;Sends agreement to enter Pyrkon to [9].
0;3;S-FOR ZGODA [9].
0;3;Opening semaphore allowing_pyrkon.
0;3;STATUS: WIADOMOSC-S '2(0)' do 9
0;4;Received a valid message from [1]
0;4;Waiting for messages.
0;5;Received a valid message from [2]
0;5;Waiting for messages.
0;6;Received a valid message from [8]
0;6;Waiting for messages.
0;6;Received info that [8] wants to enter Pyrkon.
0;6;Closing semaphore allowing_pyrkon {allow_pyrkon}.
0;6;Sends agreement to enter Pyrkon to [8].
0;7;S-FOR ZGODA [8].
0;7;Opening semaphore allowing_pyrkon.
0;7;Received info that [2] wants to enter Pyrkon.
0;7;Closing semaphore allowing_pyrkon {allow_pyrkon}.
0;7;Sends agreement to enter Pyrkon to [2].
0;8;S-FOR ZGODA [2].
0;8;Opening semaphore allowing_pyrkon.
0;8;Received info that [1] wants to enter Pyrkon.
0;8;Closing semaphore allowing_pyrkon {allow_pyrkon}.
0;8;Sends agreement to enter Pyrkon to [1].
0;9;S-FOR ZGODA [1].
0;9;Opening semaphore allowing_pyrkon.
0;9;STATUS: WIADOMOSC-S '2(0)' do 8
0;9;STATUS: WIADOMOSC-S '2(0)' do 2
0;9;STATUS: WIADOMOSC-S '2(0)' do 1
0;9;STATUS: BEFORE_PYRKON: (0)
0;9;SS 1
0;10;Is BEFORE_PYRKON and sent WANT_TO_ENTER PYRKON[0] to 1
0;10;Is BEFORE_PYRKON and sent WANT_TO_ENTER PYRKON[0] to 2
0;10;Is BEFORE_PYRKON and sent WANT_TO_ENTER PYRKON[0] to 3
0;10;Is BEFORE_PYRKON and sent WANT_TO_ENTER PYRKON[0] to 4
0;10;Is BEFORE_PYRKON and sent WANT_TO_ENTER PYRKON[0] to 5
0;10;Is BEFORE_PYRKON and sent WANT_TO_ENTER PYRKON[0] to 6
0;10;Is BEFORE_PYRKON and sent WANT_TO_ENTER PYRKON[0] to 7
0;10;Is BEFORE_PYRKON and sent WANT_TO_ENTER PYRKON[0] to 8
0;10;Is BEFORE_PYRKON and sent WANT_TO_ENTER PYRKON[0] to 9
0;10;Waiting for Pyrkon.
0;11;Received a valid message from [7]
0;11;Waiting for messages.
0;12;Received a valid message from [3]
0;12;Waiting for messages.
0;12;STATUS: WIADOMOSC-S '1(0)' do 1
0;12;STATUS: WIADOMOSC-S '1(0)' do 2
0;12;STATUS: WIADOMOSC-S '1(0)' do 3
0;12;STATUS: WIADOMOSC-S '1(0)' do 4
0;12;STATUS: WIADOMOSC-S '1(0)' do 5
0;12;STATUS: WIADOMOSC-S '1(0)' do 6
0;12;STATUS: WIADOMOSC-S '1(0)' do 7
0;12;STATUS: WIADOMOSC-S '1(0)' do 8
0;12;STATUS: WIADOMOSC-S '1(0)' do 9
0;12;Received info that [7] wants to enter Pyrkon.
0;12;Closing semaphore allowing_pyrkon {allow_pyrkon}.
0;12;S-FOR CZEKA [7].
0;12;Opening semaphore allowing_pyrkon.
0;12;Received info that [3] wants to enter Pyrkon.
0;12;Closing semaphore allowing_pyrkon {allow_pyrkon}.
0;12;S-FOR CZEKA [3].
0;12;Opening semaphore allowing_pyrkon.
0;13;Received a valid message from [4]
0;13;Waiting for messages.
0;14;Received a valid message from [5]
0;14;Waiting for messages.
0;14;Received info that [4] wants to enter Pyrkon.
0;14;Closing semaphore allowing_pyrkon {allow_pyrkon}.
0;14;S-FOR CZEKA [4].
0;14;Opening semaphore allowing_pyrkon.
0;14;Received info that [5] wants to enter Pyrkon.
0;14;Closing semaphore allowing_pyrkon {allow_pyrkon}.
0;14;S-FOR CZEKA [5].
0;14;Opening semaphore allowing_pyrkon.
0;15;Received a valid message from [6]
0;15;Waiting for messages.
0;15;Received info that [6] wants to enter Pyrkon.
0;15;Closing semaphore allowing_pyrkon {allow_pyrkon}.
0;15;S-FOR CZEKA [6].
0;15;Opening semaphore allowing_pyrkon.
0;16;Received a valid message from [5]
0;16;Waiting for messages.
0;16;Received agreement to enter Pyrkon from [5].
0;16;AEPE 1
0;17;Received a valid message from [4]
0;17;Waiting for messages.
0;17;Received agreement to enter Pyrkon from [4].
0;17;AEPE 2
0;18;Received a valid message from [7]
0;18;Waiting for messages.
0;18;Received agreement to enter Pyrkon from [7].
0;18;AEPE 3
0;19;Received a valid message from [3]
0;19;Waiting for messages.
0;19;Received agreement to enter Pyrkon from [3].
0;19;AEPE 4
0;20;Received a valid message from [6]
0;20;Waiting for messages.
0;20;Received agreement to enter Pyrkon from [6].
0;20;AEPE 5
0;28;Received a valid message from [1]
0;28;Waiting for messages.
0;28;Received info that [1] has left Pyrkon.
0;28;WYSZLO LACZNIE: 1
0;29;Received a valid message from [8]
0;29;Waiting for messages.
0;29;Received info that [8] has left Pyrkon.
0;29;WYSZLO LACZNIE: 2
0;32;Received a valid message from [2]
0;32;Waiting for messages.
0;32;Received info that [2] has left Pyrkon.
0;32;WYSZLO LACZNIE: 3
0;35;Received a valid message from [9]
0;35;Waiting for messages.
0;35;Received info that [9] has left Pyrkon.
0;35;WYSZLO LACZNIE: 4
0;36;Received a valid message from [9]
0;36;Waiting for messages.
0;36;Received agreement to enter Pyrkon from [9].
0;36;AEPE 6

1;0;Closing semaphore allowing_lecture ML before while.
1;0;Waiting for messages.
1;0;STATUS: BEFORE_PYRKON: (0)
1;0;SS 1
1;1;Is BEFORE_PYRKON and sent WANT_TO_ENTER PYRKON[0] to 0
1;1;Is BEFORE_PYRKON and sent WANT_TO_ENTER PYRKON[0] to 2
1;1;Is BEFORE_PYRKON and sent WANT_TO_ENTER PYRKON[0] to 3
1;1;Is BEFORE_PYRKON and sent WANT_TO_ENTER PYRKON[0] to 4
1;1;Is BEFORE_PYRKON and sent WANT_TO_ENTER PYRKON[0] to 5
1;1;Is BEFORE_PYRKON and sent WANT_TO_ENTER PYRKON[0] to 6
1;1;Is BEFORE_PYRKON and sent WANT_TO_ENTER PYRKON[0] to 7
1;1;Is BEFORE_PYRKON and sent WANT_TO_ENTER PYRKON[0] to 8
1;1;Is BEFORE_PYRKON and sent WANT_TO_ENTER PYRKON[0] to 9
1;1;Waiting for Pyrkon.
1;1;STATUS: WIADOMOSC-S '1(0)' do 0
1;2;Received a valid message from [8]
1;2;Waiting for messages.
1;10;Received a valid message from [0]
1;10;Waiting for messages.
1;10;Received info that [8] wants to enter Pyrkon.
1;10;Closing semaphore allowing_pyrkon {allow_pyrkon}.
1;10;S-FOR CZEKA [8].
1;10;Opening semaphore allowing_pyrkon.
1;10;Received agreement to enter Pyrkon from [0].
1;10;AEPE 1
1;10;STATUS: WIADOMOSC-S '1(0)' do 2
1;10;STATUS: WIADOMOSC-S '1(0)' do 3
1;11;Received a valid message from [2]
1;11;Waiting for messages.
1;12;Received a valid message from [9]
1;12;Waiting for messages.
1;12;Received info that [2] wants to enter Pyrkon.
1;12;Closing semaphore allowing_pyrkon {allow_pyrkon}.
1;12;S-FOR CZEKA [2].
1;12;Opening semaphore allowing_pyrkon.
1;12;Received info that [9] wants to enter Pyrkon.
1;12;Closing semaphore allowing_pyrkon {allow_pyrkon}.
1;12;S-FOR CZEKA [9].
1;12;Opening semaphore allowing_pyrkon.
1;12;STATUS: WIADOMOSC-S '1(0)' do 4
1;13;Received a valid message from [4]
1;13;Waiting for messages.
1;13;Received agreement to enter Pyrkon from [4].
1;13;AEPE 2
1;13;STATUS: WIADOMOSC-S '1(0)' do 5
1;14;Received a valid message from [3]
1;14;Waiting for messages.
1;14;Received agreement to enter Pyrkon from [3].
1;14;AEPE 3
1;15;Received a valid message from [5]
1;15;Waiting for messages.
1;15;Received agreement to enter Pyrkon from [5].
1;15;AEPE 4
1;15;STATUS: WIADOMOSC-S '1(0)' do 6
1;15;STATUS: WIADOMOSC-S '1(0)' do 7
1;16;Received a valid message from [6]
1;16;Waiting for messages.
1;16;Received agreement to enter Pyrkon from [6].
1;16;AEPE 5
1;17;Received a valid message from [7]
1;17;Waiting for messages.
1;17;Received agreement to enter Pyrkon from [7].
1;17;AEPE 6
1;17;STATUS: WIADOMOSC-S '1(0)' do 8
1;17;STATUS: WIADOMOSC-S '1(0)' do 9
1;18;Received a valid message from [8]
1;18;Waiting for messages.
1;19;Received a valid message from [9]
1;19;Waiting for messages.
1;19;Received agreement to enter Pyrkon from [8].
1;19;AEPE 7
1;19;SSSR: WCHODZI NA PYRKON (0)
1;19;SS 2
1;19;SS 3
1;19;Opening semaphore wait_for_agreement_to_enter {AEPE}
1;19;STATUS: ENTERING_PYRKON: (0)
1;19;Entering Pyrkon.
1;19;Closing semaphore on_pyrkon_mutex BP1.
1;19;SS 4
1;19;Closing semaphore allowing_pyrkon BP2.
1;19;SS 5
1;19;SS 6
1;19;Opening semaphore allowing_lecture BP.
1;19;BEFORE-E
1;20;Received a valid message from [2]
1;20;Waiting for messages.
1;21;Received a valid message from [0]
1;21;Waiting for messages.
1;21;Received info that [0] wants to enter Pyrkon.
1;21;Closing semaphore allowing_pyrkon {allow_pyrkon}.
1;22;Received a valid message from [7]
1;22;Waiting for messages.
1;23;Received a valid message from [3]
1;23;Waiting for messages.
1;23;Received info that [3] wants to enter Pyrkon.
1;23;Closing semaphore allowing_pyrkon {allow_pyrkon}.
1;23;Received info that [7] wants to enter Pyrkon.
1;23;Closing semaphore allowing_pyrkon {allow_pyrkon}.
1;24;Received a valid message from [4]
1;24;Waiting for messages.
1;25;Received a valid message from [6]
1;25;Waiting for messages.
1;26;Received a valid message from [5]
1;26;Waiting for messages.
1;26;Received info that [4] wants to enter Pyrkon.
1;26;Closing semaphore allowing_pyrkon {allow_pyrkon}.
1;26;Received info that [5] wants to enter Pyrkon.
1;26;Closing semaphore allowing_pyrkon {allow_pyrkon}.
1;26;Received info that [6] wants to enter Pyrkon.
1;26;Closing semaphore allowing_pyrkon {allow_pyrkon}.
1;26;STATUS: ON_PYRKON: (0)
1;26;ON-S
1;26;SSS: W TRAKCIE (0)
1;26;STATUS: EXITING_PYRKON: (0)
1;26;Closing semaphore allowing_lecture OP.
1;26;ON-E
1;26;STATUS: AFTER_PYRKON: (0)
1;26;END-S
1;26;SSS: PO (0)
1;27;Is AFTER_PYRKON and sent EXIT PYRKON[0] to 0
1;27;Is AFTER_PYRKON and sent EXIT PYRKON[0] to 2
1;27;Is AFTER_PYRKON and sent EXIT PYRKON[0] to 3
1;27;Is AFTER_PYRKON and sent EXIT PYRKON[0] to 4
1;27;Is AFTER_PYRKON and sent EXIT PYRKON[0] to 5
1;27;Is AFTER_PYRKON and sent EXIT PYRKON[0] to 6
1;27;Is AFTER_PYRKON and sent EXIT PYRKON[0] to 7
1;27;Is AFTER_PYRKON and sent EXIT PYRKON[0] to 8
1;27;Is AFTER_PYRKON and sent EXIT PYRKON[0] to 9
1;27;STATUS: CLEANING
1;27;RR5.
1;27;RR6.
1;27;RR7.
1;27;STATUS: ODPOWIADAM NA STARE WIADOMOSCI
1;27;FFF.
1;28;SEGMENTATION.
1;28;FOR PO [8].
1;28;KKK: 1, 0, 151084838, 8, 0 
1;28;SEGMENTATION-S
1;29;SEGMENTATION.
1;29;FOR PO [2].
1;29;KKK: 1, 0, -504803546, 2, 0 
1;29;SEGMENTATION-S
1;30;SEGMENTATION.
1;30;FOR PO [9].
1;30;KKK: 1, 0, -1129013466, 9, 0 
1;30;SEGMENTATION-S
1;30;SEGMENTATION??.
1;30;SEGMENTATION!!.
1;30;STATUS: SKONCZYLEM ODPOWIADAC
1;30;Closing semaphore wait_for_new_pyrkon AP.
1;30;STATUS: WAITING_FOR_NEW_PYRKON: (0)
1;30;STATUS: WIADOMOSC-S '3(0)' do 0
1;30;STATUS: WIADOMOSC-S '3(0)' do 2
1;30;STATUS: WIADOMOSC-S '3(0)' do 3
1;30;STATUS: WIADOMOSC-S '3(0)' do 4
1;31;STATUS: WIADOMOSC-S '3(0)' do 5
1;31;STATUS: WIADOMOSC-S '3(0)' do 6
1;31;STATUS: WIADOMOSC-S '3(0)' do 7
1;31;STATUS: WIADOMOSC-S '3(0)' do 8
1;31;STATUS: WIADOMOSC-S '3(0)' do 9
1;31;STATUS: WIADOMOSC-S '2(0)' do 8
1;31;STATUS: WIADOMOSC-S '2(0)' do 2
1;31;STATUS: WIADOMOSC-S '2(0)' do 9

2;0;Waiting for messages.
2;0;Closing semaphore allowing_lecture ML before while.
2;0;STATUS: BEFORE_PYRKON: (0)
2;0;SS 1
2;1;Is BEFORE_PYRKON and sent WANT_TO_ENTER PYRKON[0] to 0
2;1;Is BEFORE_PYRKON and sent WANT_TO_ENTER PYRKON[0] to 1
2;1;Is BEFORE_PYRKON and sent WANT_TO_ENTER PYRKON[0] to 3
2;1;Is BEFORE_PYRKON and sent WANT_TO_ENTER PYRKON[0] to 4
2;1;Is BEFORE_PYRKON and sent WANT_TO_ENTER PYRKON[0] to 5
2;1;Is BEFORE_PYRKON and sent WANT_TO_ENTER PYRKON[0] to 6
2;1;Is BEFORE_PYRKON and sent WANT_TO_ENTER PYRKON[0] to 7
2;1;Is BEFORE_PYRKON and sent WANT_TO_ENTER PYRKON[0] to 8
2;1;Is BEFORE_PYRKON and sent WANT_TO_ENTER PYRKON[0] to 9
2;1;Waiting for Pyrkon.
2;1;STATUS: WIADOMOSC-S '1(0)' do 0
2;9;Received a valid message from [0]
2;9;Waiting for messages.
2;9;Received agreement to enter Pyrkon from [0].
2;9;AEPE 1
2;10;Received a valid message from [1]
2;10;Waiting for messages.
2;10;Received info that [1] wants to enter Pyrkon.
2;10;Closing semaphore allowing_pyrkon {allow_pyrkon}.
2;10;Sends agreement to enter Pyrkon to [1].
2;11;S-FOR ZGODA [1].
2;11;Opening semaphore allowing_pyrkon.
2;11;STATUS: WIADOMOSC-S '1(0)' do 1
2;12;Received a valid message from [9]
2;12;Waiting for messages.
2;12;Received info that [9] wants to enter Pyrkon.
2;12;Closing semaphore allowing_pyrkon {allow_pyrkon}.
2;12;S-FOR CZEKA [9].
2;12;Opening semaphore allowing_pyrkon.
2;13;Received a valid message from [8]
2;13;Waiting for messages.
2;13;Received info that [8] wants to enter Pyrkon.
2;13;Closing semaphore allowing_pyrkon {allow_pyrkon}.
2;13;S-FOR CZEKA [8].
2;13;Opening semaphore allowing_pyrkon.
2;13;STATUS: WIADOMOSC-S '1(0)' do 3
2;14;Received a valid message from [3]
2;14;Waiting for messages.
2;14;Received agreement to enter Pyrkon from [3].
2;14;AEPE 2
2;14;STATUS: WIADOMOSC-S '1(0)' do 4
2;14;STATUS: WIADOMOSC-S '1(0)' do 5
2;15;Received a valid message from [4]
2;15;Waiting for messages.
2;15;Received agreement to enter Pyrkon from [4].
2;15;AEPE 3
2;16;Received a valid message from [5]
2;16;Waiting for messages.
2;16;Received agreement to enter Pyrkon from [5].
2;16;AEPE 4
2;16;STATUS: WIADOMOSC-S '1(0)' do 6
2;16;STATUS: WIADOMOSC-S '1(0)' do 7
2;17;Received a valid message from [6]
2;17;Waiting for messages.
2;17;Received agreement to enter Pyrkon from [6].
2;17;AEPE 5
2;17;STATUS: WIADOMOSC-S '1(0)' do 8
2;19;Received a valid message from [8]
2;19;Waiting for messages.
2;19;Received agreement to enter Pyrkon from [8].
2;19;AEPE 6
2;19;STATUS: WIADOMOSC-S '1(0)' do 9
2;20;Received a valid message from [7]
2;20;Waiting for messages.
2;20;Received agreement to enter Pyrkon from [7].
2;20;AEPE 7
2;20;SSSR: WCHODZI NA PYRKON (0)
2;20;SS 2
2;20;SS 3
2;20;Opening semaphore wait_for_agreement_to_enter {AEPE}
2;20;STATUS: ENTERING_PYRKON: (0)
2;20;Entering Pyrkon.
2;20;Closing semaphore on_pyrkon_mutex BP1.
2;20;SS 4
2;20;Closing semaphore allowing_pyrkon BP2.
2;20;SS 5
2;20;SS 6
2;20;Opening semaphore allowing_lecture BP.
2;20;BEFORE-E
2;20;STATUS: WIADOMOSC-S '2(0)' do 1
2;21;Received a valid message from [9]
2;21;Waiting for messages.
2;22;Received a valid message from [0]
2;22;Waiting for messages.
2;22;Received info that [0] wants to enter Pyrkon.
2;22;Closing semaphore allowing_pyrkon {allow_pyrkon}.
2;23;Received a valid message from [6]
2;23;Waiting for messages.
2;23;Received info that [6] wants to enter Pyrkon.
2;23;Closing semaphore allowing_pyrkon {allow_pyrkon}.
2;24;Received a valid message from [7]
2;24;Waiting for messages.
2;25;Received a valid message from [3]
2;25;Waiting for messages.
2;25;Received info that [7] wants to enter Pyrkon.
2;25;Closing semaphore allowing_pyrkon {allow_pyrkon}.
2;25;Received info that [3] wants to enter Pyrkon.
2;25;Closing semaphore allowing_pyrkon {allow_pyrkon}.
2;26;Received a valid message from [4]
2;26;Waiting for messages.
2;27;Received a valid message from [5]
2;27;Waiting for messages.
2;27;Received info that [4] wants to enter Pyrkon.
2;27;Closing semaphore allowing_pyrkon {allow_pyrkon}.
2;27;Received info that [5] wants to enter Pyrkon.
2;27;Closing semaphore allowing_pyrkon {allow_pyrkon}.
2;27;STATUS: ON_PYRKON: (0)
2;28;Received a valid message from [1]
2;28;Waiting for messages.
2;28;Received info that [1] has left Pyrkon.
2;28;WYSZLO LACZNIE: 1
2;28;ON-S
2;28;SSS: W TRAKCIE (0)
2;28;STATUS: EXITING_PYRKON: (0)
2;28;Closing semaphore allowing_lecture OP.
2;28;ON-E
2;29;Received a valid message from [8]
2;29;Waiting for messages.
2;29;Received info that [8] has left Pyrkon.
2;29;WYSZLO LACZNIE: 2
2;30;Received a valid message from [1]
2;30;Waiting for messages.
2;30;STATUS: AFTER_PYRKON: (0)
2;30;END-S
2;30;SSS: PO (0)
2;31;Is AFTER_PYRKON and sent EXIT PYRKON[0] to 0
2;31;Is AFTER_PYRKON and sent EXIT PYRKON[0] to 1
2;31;Is AFTER_PYRKON and sent EXIT PYRKON[0] to 3
2;31;Is AFTER_PYRKON and sent EXIT PYRKON[0] to 4
2;31;Is AFTER_PYRKON and sent EXIT PYRKON[0] to 5
2;31;Is AFTER_PYRKON and sent EXIT PYRKON[0] to 6
2;31;Is AFTER_PYRKON and sent EXIT PYRKON[0] to 7
2;31;Is AFTER_PYRKON and sent EXIT PYRKON[0] to 8
2;31;Is AFTER_PYRKON and sent EXIT PYRKON[0] to 9
2;31;STATUS: CLEANING
2;31;RR5.
2;31;RR6.
2;31;RR7.
2;31;STATUS: ODPOWIADAM NA STARE WIADOMOSCI
2;31;FFF.
2;32;SEGMENTATION.
2;32;FOR PO [9].
2;32;KKK: 1, 0, -1129013466, 9, 0 
2;32;SEGMENTATION-S
2;33;SEGMENTATION.
2;33;FOR PO [8].
2;33;KKK: 1, 0, 151084838, 8, 0 
2;33;SEGMENTATION-S
2;33;SEGMENTATION??.
2;33;SEGMENTATION!!.
2;33;STATUS: SKONCZYLEM ODPOWIADAC
2;33;Closing semaphore wait_for_new_pyrkon AP.
2;33;STATUS: WAITING_FOR_NEW_PYRKON: (0)
2;33;STATUS: WIADOMOSC-S '3(0)' do 0
2;33;STATUS: WIADOMOSC-S '3(0)' do 1
2;33;STATUS: WIADOMOSC-S '3(0)' do 3
2;33;STATUS: WIADOMOSC-S '3(0)' do 4
2;33;STATUS: WIADOMOSC-S '3(0)' do 5
2;33;STATUS: WIADOMOSC-S '3(0)' do 6
2;33;STATUS: WIADOMOSC-S '3(0)' do 7
2;33;STATUS: WIADOMOSC-S '3(0)' do 8
2;33;STATUS: WIADOMOSC-S '3(0)' do 9
2;33;STATUS: WIADOMOSC-S '2(0)' do 9
2;33;STATUS: WIADOMOSC-S '2(0)' do 8

3;0;Waiting for messages.
3;0;Closing semaphore allowing_lecture ML before while.
3;2;Received a valid message from [1]
3;2;Waiting for messages.
3;2;Received info that [1] wants to enter Pyrkon.
3;2;Closing semaphore allowing_pyrkon {allow_pyrkon}.
3;2;Sends agreement to enter Pyrkon to [1].
3;3;S-FOR ZGODA [1].
3;3;Opening semaphore allowing_pyrkon.
3;4;Received a valid message from [2]
3;4;Waiting for messages.
3;5;Received a valid message from [8]
3;5;Waiting for messages.
3;6;Received a valid message from [9]
3;6;Waiting for messages.
3;6;Received info that [8] wants to enter Pyrkon.
3;6;Closing semaphore allowing_pyrkon {allow_pyrkon}.
3;6;Sends agreement to enter Pyrkon to [8].
3;7;S-FOR ZGODA [8].
3;7;Opening semaphore allowing_pyrkon.
3;7;Received info that [2] wants to enter Pyrkon.
3;7;Closing semaphore allowing_pyrkon {allow_pyrkon}.
3;7;Sends agreement to enter Pyrkon to [2].
3;8;S-FOR ZGODA [2].
3;8;Opening semaphore allowing_pyrkon.
3;8;Received info that [9] wants to enter Pyrkon.
3;8;Closing semaphore allowing_pyrkon {allow_pyrkon}.
3;8;Sends agreement to enter Pyrkon to [9].
3;8;STATUS: WIADOMOSC-S '2(0)' do 1
3;9;S-FOR ZGODA [9].
3;9;Opening semaphore allowing_pyrkon.
3;9;STATUS: WIADOMOSC-S '2(0)' do 8
3;9;STATUS: WIADOMOSC-S '2(0)' do 2
3;9;STATUS: WIADOMOSC-S '2(0)' do 9
3;9;STATUS: BEFORE_PYRKON: (0)
3;9;SS 1
3;10;Is BEFORE_PYRKON and sent WANT_TO_ENTER PYRKON[0] to 0
3;10;Is BEFORE_PYRKON and sent WANT_TO_ENTER PYRKON[0] to 1
3;10;Is BEFORE_PYRKON and sent WANT_TO_ENTER PYRKON[0] to 2
3;10;Is BEFORE_PYRKON and sent WANT_TO_ENTER PYRKON[0] to 4
3;10;Is BEFORE_PYRKON and sent WANT_TO_ENTER PYRKON[0] to 5
3;10;Is BEFORE_PYRKON and sent WANT_TO_ENTER PYRKON[0] to 6
3;10;Is BEFORE_PYRKON and sent WANT_TO_ENTER PYRKON[0] to 7
3;10;Is BEFORE_PYRKON and sent WANT_TO_ENTER PYRKON[0] to 8
3;10;Is BEFORE_PYRKON and sent WANT_TO_ENTER PYRKON[0] to 9
3;10;Waiting for Pyrkon.
3;10;STATUS: WIADOMOSC-S '1(0)' do 0
3;11;Received a valid message from [0]
3;11;Waiting for messages.
3;11;Received info that [0] wants to enter Pyrkon.
3;11;Closing semaphore allowing_pyrkon {allow_pyrkon}.
3;11;Sends agreement to enter Pyrkon to [0].
3;12;S-FOR ZGODA [0].
3;12;Opening semaphore allowing_pyrkon.
3;12;STATUS: WIADOMOSC-S '1(0)' do 1
3;12;STATUS: WIADOMOSC-S '1(0)' do 2
3;13;Received a valid message from [7]
3;13;Waiting for messages.
3;14;Received a valid message from [6]
3;14;Waiting for messages.
3;14;Received info that [7] wants to enter Pyrkon.
3;14;Closing semaphore allowing_pyrkon {allow_pyrkon}.
3;14;S-FOR CZEKA [7].
3;14;Opening semaphore allowing_pyrkon.
3;14;Received info that [6] wants to enter Pyrkon.
3;14;Closing semaphore allowing_pyrkon {allow_pyrkon}.
3;14;S-FOR CZEKA [6].
3;14;Opening semaphore allowing_pyrkon.
3;15;Received a valid message from [4]
3;15;Waiting for messages.
3;15;STATUS: WIADOMOSC-S '1(0)' do 4
3;15;Received info that [4] wants to enter Pyrkon.
3;15;Closing semaphore allowing_pyrkon {allow_pyrkon}.
3;15;S-FOR CZEKA [4].
3;15;Opening semaphore allowing_pyrkon.
3;16;Received a valid message from [5]
3;16;Waiting for messages.
3;16;STATUS: WIADOMOSC-S '1(0)' do 5
3;16;Received info that [5] wants to enter Pyrkon.
3;16;Closing semaphore allowing_pyrkon {allow_pyrkon}.
3;16;S-FOR CZEKA [5].
3;16;Opening semaphore allowing_pyrkon.
3;16;STATUS: WIADOMOSC-S '1(0)' do 6
3;16;STATUS: WIADOMOSC-S '1(0)' do 7
3;16;STATUS: WIADOMOSC-S '1(0)' do 8
3;16;STATUS: WIADOMOSC-S '1(0)' do 9
3;17;Received a valid message from [5]
3;17;Waiting for messages.
3;17;STATUS: WIADOMOSC-S '2(0)' do 0
3;17;Received agreement to enter Pyrkon from [5].
3;17;AEPE 1
3;18;Received a valid message from [4]
3;18;Waiting for messages.
3;18;Received agreement to enter Pyrkon from [4].
3;18;AEPE 2
3;20;Received a valid message from [6]
3;20;Waiting for messages.
3;20;Received agreement to enter Pyrkon from [6].
3;20;AEPE 3
3;21;Received a valid message from [7]
3;21;Waiting for messages.
3;21;Received agreement to enter Pyrkon from [7].
3;21;AEPE 4
3;28;Received a valid message from [1]
3;28;Waiting for messages.
3;28;Received info that [1] has left Pyrkon.
3;28;WYSZLO LACZNIE: 1
3;29;Received a valid message from [8]
3;29;Waiting for messages.
3;29;Received info that [8] has left Pyrkon.
3;29;WYSZLO LACZNIE: 2
3;32;Received a valid message from [2]
3;32;Waiting for messages.
3;32;Received info that [2] has left Pyrkon.
3;32;WYSZLO LACZNIE: 3
3;35;Received a valid message from [9]
3;35;Waiting for messages.
3;35;Received info that [9] has left Pyrkon.
3;35;WYSZLO LACZNIE: 4
3;36;Received a valid message from [9]
3;36;Waiting for messages.
3;36;Received agreement to enter Pyrkon from [9].
3;36;AEPE 5

4;0;Closing semaphore allowing_lecture ML before while.
4;0;Waiting for messages.
4;2;Received a valid message from [1]
4;2;Waiting for messages.
4;2;Received info that [1] wants to enter Pyrkon.
4;2;Closing semaphore allowing_pyrkon {allow_pyrkon}.
4;2;Sends agreement to enter Pyrkon to [1].
4;3;S-FOR ZGODA [1].
4;3;Opening semaphore allowing_pyrkon.
4;3;STATUS: WIADOMOSC-S '2(0)' do 1
4;4;Received a valid message from [8]
4;4;Waiting for messages.
4;4;Received info that [8] wants to enter Pyrkon.
4;4;Closing semaphore allowing_pyrkon {allow_pyrkon}.
4;4;Sends agreement to enter Pyrkon to [8].
4;5;S-FOR ZGODA [8].
4;5;Opening semaphore allowing_pyrkon.
4;6;Received a valid message from [2]
4;6;Waiting for messages.
4;7;Received a valid message from [9]
4;7;Waiting for messages.
4;7;Received info that [2] wants to enter Pyrkon.
4;7;Closing semaphore allowing_pyrkon {allow_pyrkon}.
4;7;Sends agreement to enter Pyrkon to [2].
4;8;S-FOR ZGODA [2].
4;8;Opening semaphore allowing_pyrkon.
4;8;Received info that [9] wants to enter Pyrkon.
4;8;Closing semaphore allowing_pyrkon {allow_pyrkon}.
4;8;Sends agreement to enter Pyrkon to [9].
4;9;S-FOR ZGODA [9].
4;9;Opening semaphore allowing_pyrkon.
4;9;STATUS: WIADOMOSC-S '2(0)' do 8
4;9;STATUS: WIADOMOSC-S '2(0)' do 2
4;9;STATUS: WIADOMOSC-S '2(0)' do 9
4;9;STATUS: BEFORE_PYRKON: (0)
4;9;SS 1
4;10;Is BEFORE_PYRKON and sent WANT_TO_ENTER PYRKON[0] to 0
4;10;Is BEFORE_PYRKON and sent WANT_TO_ENTER PYRKON[0] to 1
4;10;Is BEFORE_PYRKON and sent WANT_TO_ENTER PYRKON[0] to 2
4;10;Is BEFORE_PYRKON and sent WANT_TO_ENTER PYRKON[0] to 3
4;10;Is BEFORE_PYRKON and sent WANT_TO_ENTER PYRKON[0] to 5
4;10;Is BEFORE_PYRKON and sent WANT_TO_ENTER PYRKON[0] to 6
4;10;Is BEFORE_PYRKON and sent WANT_TO_ENTER PYRKON[0] to 7
4;10;Is BEFORE_PYRKON and sent WANT_TO_ENTER PYRKON[0] to 8
4;10;Is BEFORE_PYRKON and sent WANT_TO_ENTER PYRKON[0] to 9
4;10;Waiting for Pyrkon.
4;11;Received a valid message from [0]
4;11;Waiting for messages.
4;11;Received info that [0] wants to enter Pyrkon.
4;11;Closing semaphore allowing_pyrkon {allow_pyrkon}.
4;11;Sends agreement to enter Pyrkon to [0].
4;12;S-FOR ZGODA [0].
4;12;Opening semaphore allowing_pyrkon.
4;12;STATUS: WIADOMOSC-S '1(0)' do 0
4;12;STATUS: WIADOMOSC-S '1(0)' do 1
4;12;STATUS: WIADOMOSC-S '1(0)' do 2
4;13;Received a valid message from [7]
4;13;Waiting for messages.
4;13;Received info that [7] wants to enter Pyrkon.
4;13;Closing semaphore allowing_pyrkon {allow_pyrkon}.
4;13;S-FOR CZEKA [7].
4;13;Opening semaphore allowing_pyrkon.
4;13;STATUS: WIADOMOSC-S '1(0)' do 3
4;14;Received a valid message from [3]
4;14;Waiting for messages.
4;14;Received info that [3] wants to enter Pyrkon.
4;14;Closing semaphore allowing_pyrkon {allow_pyrkon}.
4;14;Sends agreement to enter Pyrkon to [3].
4;15;S-FOR ZGODA [3].
4;15;Opening semaphore allowing_pyrkon.
4;16;Received a valid message from [6]
4;16;Waiting for messages.
4;16;Received info that [6] wants to enter Pyrkon.
4;16;Closing semaphore allowing_pyrkon {allow_pyrkon}.
4;16;S-FOR CZEKA [6].
4;16;Opening semaphore allowing_pyrkon.
4;16;STATUS: WIADOMOSC-S '1(0)' do 5
4;17;Received a valid message from [5]
4;17;Waiting for messages.
4;17;Received info that [5] wants to enter Pyrkon.
4;17;Closing semaphore allowing_pyrkon {allow_pyrkon}.
4;17;S-FOR CZEKA [5].
4;17;Opening semaphore allowing_pyrkon.
4;17;STATUS: WIADOMOSC-S '1(0)' do 6
4;17;STATUS: WIADOMOSC-S '1(0)' do 7
4;17;STATUS: WIADOMOSC-S '1(0)' do 8
4;17;STATUS: WIADOMOSC-S '1(0)' do 9
4;17;STATUS: WIADOMOSC-S '2(0)' do 0
4;17;STATUS: WIADOMOSC-S '2(0)' do 3
4;19;Received a valid message from [5]
4;19;Waiting for messages.
4;19;Received agreement to enter Pyrkon from [5].
4;19;AEPE 1
4;20;Received a valid message from [7]
4;20;Waiting for messages.
4;20;Received agreement to enter Pyrkon from [7].
4;20;AEPE 2
4;21;Received a valid message from [6]
4;21;Waiting for messages.
4;21;Received agreement to enter Pyrkon from [6].
4;21;AEPE 3
4;28;Received a valid message from [1]
4;28;Waiting for messages.
4;28;Received info that [1] has left Pyrkon.
4;28;WYSZLO LACZNIE: 1
4;29;Received a valid message from [8]
4;29;Waiting for messages.
4;29;Received info that [8] has left Pyrkon.
4;29;WYSZLO LACZNIE: 2
4;32;Received a valid message from [2]
4;32;Waiting for messages.
4;32;Received info that [2] has left Pyrkon.
4;32;WYSZLO LACZNIE: 3
4;35;Received a valid message from [9]
4;35;Waiting for messages.
4;35;Received info that [9] has left Pyrkon.
4;35;WYSZLO LACZNIE: 4
4;36;Received a valid message from [9]
4;36;Waiting for messages.
4;36;Received agreement to enter Pyrkon from [9].
4;36;AEPE 4

5;0;Closing semaphore allowing_lecture ML before while.
5;0;Waiting for messages.
5;2;Received a valid message from [1]
5;2;Waiting for messages.
5;2;Received info that [1] wants to enter Pyrkon.
5;2;Closing semaphore allowing_pyrkon {allow_pyrkon}.
5;2;Sends agreement to enter Pyrkon to [1].
5;3;S-FOR ZGODA [1].
5;3;Opening semaphore allowing_pyrkon.
5;3;STATUS: WIADOMOSC-S '2(0)' do 1
5;4;Received a valid message from [8]
5;4;Waiting for messages.
5;4;Received info that [8] wants to enter Pyrkon.
5;4;Closing semaphore allowing_pyrkon {allow_pyrkon}.
5;4;Sends agreement to enter Pyrkon to [8].
5;5;S-FOR ZGODA [8].
5;5;Opening semaphore allowing_pyrkon.
5;6;Received a valid message from [9]
5;6;Waiting for messages.
5;6;Received info that [9] wants to enter Pyrkon.
5;6;Closing semaphore allowing_pyrkon {allow_pyrkon}.
5;6;Sends agreement to enter Pyrkon to [9].
5;7;S-FOR ZGODA [9].
5;7;Opening semaphore allowing_pyrkon.
5;7;STATUS: WIADOMOSC-S '2(0)' do 8
5;8;Received a valid message from [2]
5;8;Waiting for messages.
5;8;Received info that [2] wants to enter Pyrkon.
5;8;Closing semaphore allowing_pyrkon {allow_pyrkon}.
5;8;Sends agreement to enter Pyrkon to [2].
5;9;S-FOR ZGODA [2].
5;9;Opening semaphore allowing_pyrkon.
5;9;STATUS: WIADOMOSC-S '2(0)' do 9
5;9;STATUS: WIADOMOSC-S '2(0)' do 2
5;9;STATUS: BEFORE_PYRKON: (0)
5;9;SS 1
5;10;Is BEFORE_PYRKON and sent WANT_TO_ENTER PYRKON[0] to 0
5;10;Is BEFORE_PYRKON and sent WANT_TO_ENTER PYRKON[0] to 1
5;10;Is BEFORE_PYRKON and sent WANT_TO_ENTER PYRKON[0] to 2
5;10;Is BEFORE_PYRKON and sent WANT_TO_ENTER PYRKON[0] to 3
5;10;Is BEFORE_PYRKON and sent WANT_TO_ENTER PYRKON[0] to 4
5;10;Is BEFORE_PYRKON and sent WANT_TO_ENTER PYRKON[0] to 6
5;10;Is BEFORE_PYRKON and sent WANT_TO_ENTER PYRKON[0] to 7
5;10;Is BEFORE_PYRKON and sent WANT_TO_ENTER PYRKON[0] to 8
5;10;Is BEFORE_PYRKON and sent WANT_TO_ENTER PYRKON[0] to 9
5;10;Waiting for Pyrkon.
5;11;Received a valid message from [0]
5;11;Waiting for messages.
5;11;Received info that [0] wants to enter Pyrkon.
5;11;Closing semaphore allowing_pyrkon {allow_pyrkon}.
5;11;Sends agreement to enter Pyrkon to [0].
5;12;S-FOR ZGODA [0].
5;12;Opening semaphore allowing_pyrkon.
5;12;STATUS: WIADOMOSC-S '1(0)' do 0
5;12;STATUS: WIADOMOSC-S '1(0)' do 1
5;12;STATUS: WIADOMOSC-S '1(0)' do 2
5;13;Received a valid message from [7]
5;13;Waiting for messages.
5;13;STATUS: WIADOMOSC-S '1(0)' do 3
5;13;Received info that [7] wants to enter Pyrkon.
5;13;Closing semaphore allowing_pyrkon {allow_pyrkon}.
5;13;S-FOR CZEKA [7].
5;13;Opening semaphore allowing_pyrkon.
5;14;Received a valid message from [3]
5;14;Waiting for messages.
5;14;Received info that [3] wants to enter Pyrkon.
5;14;Closing semaphore allowing_pyrkon {allow_pyrkon}.
5;14;Sends agreement to enter Pyrkon to [3].
5;15;S-FOR ZGODA [3].
5;15;Opening semaphore allowing_pyrkon.
5;16;Received a valid message from [4]
5;16;Waiting for messages.
5;17;Received a valid message from [6]
5;17;Waiting for messages.
5;17;STATUS: WIADOMOSC-S '1(0)' do 4
5;17;Received info that [4] wants to enter Pyrkon.
5;17;Closing semaphore allowing_pyrkon {allow_pyrkon}.
5;17;Sends agreement to enter Pyrkon to [4].
5;18;S-FOR ZGODA [4].
5;18;Opening semaphore allowing_pyrkon.
5;18;Received info that [6] wants to enter Pyrkon.
5;18;Closing semaphore allowing_pyrkon {allow_pyrkon}.
5;18;S-FOR CZEKA [6].
5;18;Opening semaphore allowing_pyrkon.
5;18;STATUS: WIADOMOSC-S '1(0)' do 6
5;18;STATUS: WIADOMOSC-S '1(0)' do 7
5;18;STATUS: WIADOMOSC-S '1(0)' do 8
5;18;STATUS: WIADOMOSC-S '1(0)' do 9
5;18;STATUS: WIADOMOSC-S '2(0)' do 0
5;18;STATUS: WIADOMOSC-S '2(0)' do 3
5;19;Received a valid message from [7]
5;19;Waiting for messages.
5;19;Received agreement to enter Pyrkon from [7].
5;19;AEPE 1
5;19;STATUS: WIADOMOSC-S '2(0)' do 4
5;20;Received a valid message from [6]
5;20;Waiting for messages.
5;20;Received agreement to enter Pyrkon from [6].
5;20;AEPE 2
5;28;Received a valid message from [1]
5;28;Waiting for messages.
5;28;Received info that [1] has left Pyrkon.
5;28;WYSZLO LACZNIE: 1
5;29;Received a valid message from [8]
5;29;Waiting for messages.
5;29;Received info that [8] has left Pyrkon.
5;29;WYSZLO LACZNIE: 2
5;32;Received a valid message from [2]
5;32;Waiting for messages.
5;32;Received info that [2] has left Pyrkon.
5;32;WYSZLO LACZNIE: 3
5;35;Received a valid message from [9]
5;35;Waiting for messages.
5;35;Received info that [9] has left Pyrkon.
5;35;WYSZLO LACZNIE: 4
5;36;Received a valid message from [9]
5;36;Waiting for messages.
5;36;Received agreement to enter Pyrkon from [9].
5;36;AEPE 3

6;0;Waiting for messages.
6;0;Closing semaphore allowing_lecture ML before while.
6;2;Received a valid message from [1]
6;2;Waiting for messages.
6;2;Received info that [1] wants to enter Pyrkon.
6;2;Closing semaphore allowing_pyrkon {allow_pyrkon}.
6;2;Sends agreement to enter Pyrkon to [1].
6;3;S-FOR ZGODA [1].
6;3;Opening semaphore allowing_pyrkon.
6;3;STATUS: WIADOMOSC-S '2(0)' do 1
6;4;Received a valid message from [9]
6;4;Waiting for messages.
6;4;Received info that [9] wants to enter Pyrkon.
6;4;Closing semaphore allowing_pyrkon {allow_pyrkon}.
6;4;Sends agreement to enter Pyrkon to [9].
6;5;S-FOR ZGODA [9].
6;5;Opening semaphore allowing_pyrkon.
6;6;Received a valid message from [8]
6;6;Waiting for messages.
6;6;Received info that [8] wants to enter Pyrkon.
6;6;Closing semaphore allowing_pyrkon {allow_pyrkon}.
6;6;Sends agreement to enter Pyrkon to [8].
6;7;S-FOR ZGODA [8].
6;7;Opening semaphore allowing_pyrkon.
6;7;STATUS: WIADOMOSC-S '2(0)' do 9
6;8;Received a valid message from [2]
6;8;Waiting for messages.
6;8;Received info that [2] wants to enter Pyrkon.
6;8;Closing semaphore allowing_pyrkon {allow_pyrkon}.
6;8;Sends agreement to enter Pyrkon to [2].
6;9;S-FOR ZGODA [2].
6;9;Opening semaphore allowing_pyrkon.
6;9;STATUS: WIADOMOSC-S '2(0)' do 8
6;9;STATUS: WIADOMOSC-S '2(0)' do 2
6;9;STATUS: BEFORE_PYRKON: (0)
6;9;SS 1
6;10;Is BEFORE_PYRKON and sent WANT_TO_ENTER PYRKON[0] to 0
6;10;Is BEFORE_PYRKON and sent WANT_TO_ENTER PYRKON[0] to 1
6;10;Is BEFORE_PYRKON and sent WANT_TO_ENTER PYRKON[0] to 2
6;10;Is BEFORE_PYRKON and sent WANT_TO_ENTER PYRKON[0] to 3
6;10;Is BEFORE_PYRKON and sent WANT_TO_ENTER PYRKON[0] to 4
6;10;Is BEFORE_PYRKON and sent WANT_TO_ENTER PYRKON[0] to 5
6;10;Is BEFORE_PYRKON and sent WANT_TO_ENTER PYRKON[0] to 7
6;10;Is BEFORE_PYRKON and sent WANT_TO_ENTER PYRKON[0] to 8
6;10;Is BEFORE_PYRKON and sent WANT_TO_ENTER PYRKON[0] to 9
6;10;Waiting for Pyrkon.
6;11;Received a valid message from [0]
6;11;Waiting for messages.
6;11;Received info that [0] wants to enter Pyrkon.
6;11;Closing semaphore allowing_pyrkon {allow_pyrkon}.
6;11;Sends agreement to enter Pyrkon to [0].
6;12;S-FOR ZGODA [0].
6;12;Opening semaphore allowing_pyrkon.
6;12;STATUS: WIADOMOSC-S '1(0)' do 0
6;12;STATUS: WIADOMOSC-S '1(0)' do 1
6;12;STATUS: WIADOMOSC-S '1(0)' do 2
6;12;STATUS: WIADOMOSC-S '1(0)' do 3
6;12;STATUS: WIADOMOSC-S '1(0)' do 4
6;13;Received a valid message from [7]
6;13;Waiting for messages.
6;13;Received info that [7] wants to enter Pyrkon.
6;13;Closing semaphore allowing_pyrkon {allow_pyrkon}.
6;13;S-FOR CZEKA [7].
6;13;Opening semaphore allowing_pyrkon.
6;13;STATUS: WIADOMOSC-S '1(0)' do 5
6;14;Received a valid message from [5]
6;14;Waiting for messages.
6;14;Received info that [5] wants to enter Pyrkon.
6;14;Closing semaphore allowing_pyrkon {allow_pyrkon}.
6;14;Sends agreement to enter Pyrkon to [5].
6;15;S-FOR ZGODA [5].
6;15;Opening semaphore allowing_pyrkon.
6;16;Received a valid message from [4]
6;16;Waiting for messages.
6;16;Received info that [4] wants to enter Pyrkon.
6;16;Closing semaphore allowing_pyrkon {allow_pyrkon}.
6;16;Sends agreement to enter Pyrkon to [4].
6;17;S-FOR ZGODA [4].
6;17;Opening semaphore allowing_pyrkon.
6;18;Received a valid message from [3]
6;18;Waiting for messages.
6;18;Received info that [3] wants to enter Pyrkon.
6;18;Closing semaphore allowing_pyrkon {allow_pyrkon}.
6;18;Sends agreement to enter Pyrkon to [3].
6;19;S-FOR ZGODA [3].
6;19;Opening semaphore allowing_pyrkon.
6;19;STATUS: WIADOMOSC-S '1(0)' do 7
6;19;STATUS: WIADOMOSC-S '1(0)' do 8
6;19;STATUS: WIADOMOSC-S '1(0)' do 9
6;19;STATUS: WIADOMOSC-S '2(0)' do 0
6;19;STATUS: WIADOMOSC-S '2(0)' do 5
6;20;Received a valid message from [7]
6;20;Waiting for messages.
6;20;Received agreement to enter Pyrkon from [7].
6;20;AEPE 1
6;20;STATUS: WIADOMOSC-S '2(0)' do 4
6;20;STATUS: WIADOMOSC-S '2(0)' do 3
6;28;Received a valid message from [1]
6;28;Waiting for messages.
6;28;Received info that [1] has left Pyrkon.
6;28;WYSZLO LACZNIE: 1
6;29;Received a valid message from [8]
6;29;Waiting for messages.
6;29;Received info that [8] has left Pyrkon.
6;29;WYSZLO LACZNIE: 2
6;32;Received a valid message from [2]
6;32;Waiting for messages.
6;32;Received info that [2] has left Pyrkon.
6;32;WYSZLO LACZNIE: 3
6;35;Received a valid message from [9]
6;35;Waiting for messages.
6;35;Received info that [9] has left Pyrkon.
6;35;WYSZLO LACZNIE: 4
6;36;Received a valid message from [9]
6;36;Waiting for messages.
6;36;Received agreement to enter Pyrkon from [9].
6;36;AEPE 2

7;0;Waiting for messages.
7;0;Closing semaphore allowing_lecture ML before while.
7;2;Received a valid message from [1]
7;2;Waiting for messages.
7;2;Received info that [1] wants to enter Pyrkon.
7;2;Closing semaphore allowing_pyrkon {allow_pyrkon}.
7;2;Sends agreement to enter Pyrkon to [1].
7;3;S-FOR ZGODA [1].
7;3;Opening semaphore allowing_pyrkon.
7;3;STATUS: WIADOMOSC-S '2(0)' do 1
7;4;Received a valid message from [8]
7;4;Waiting for messages.
7;5;Received a valid message from [9]
7;5;Waiting for messages.
7;5;Received info that [8] wants to enter Pyrkon.
7;5;Closing semaphore allowing_pyrkon {allow_pyrkon}.
7;5;Sends agreement to enter Pyrkon to [8].
7;6;S-FOR ZGODA [8].
7;6;Opening semaphore allowing_pyrkon.
7;6;Received info that [9] wants to enter Pyrkon.
7;6;Closing semaphore allowing_pyrkon {allow_pyrkon}.
7;6;Sends agreement to enter Pyrkon to [9].
7;7;S-FOR ZGODA [9].
7;7;Opening semaphore allowing_pyrkon.
7;7;STATUS: WIADOMOSC-S '2(0)' do 8
7;8;Received a valid message from [2]
7;8;Waiting for messages.
7;8;Received info that [2] wants to enter Pyrkon.
7;8;Closing semaphore allowing_pyrkon {allow_pyrkon}.
7;8;Sends agreement to enter Pyrkon to [2].
7;9;S-FOR ZGODA [2].
7;9;Opening semaphore allowing_pyrkon.
7;9;STATUS: WIADOMOSC-S '2(0)' do 9
7;9;STATUS: WIADOMOSC-S '2(0)' do 2
7;9;STATUS: BEFORE_PYRKON: (0)
7;9;SS 1
7;10;Is BEFORE_PYRKON and sent WANT_TO_ENTER PYRKON[0] to 0
7;10;Is BEFORE_PYRKON and sent WANT_TO_ENTER PYRKON[0] to 1
7;10;Is BEFORE_PYRKON and sent WANT_TO_ENTER PYRKON[0] to 2
7;10;Is BEFORE_PYRKON and sent WANT_TO_ENTER PYRKON[0] to 3
7;10;Is BEFORE_PYRKON and sent WANT_TO_ENTER PYRKON[0] to 4
7;10;Is BEFORE_PYRKON and sent WANT_TO_ENTER PYRKON[0] to 5
7;10;Is BEFORE_PYRKON and sent WANT_TO_ENTER PYRKON[0] to 6
7;10;Is BEFORE_PYRKON and sent WANT_TO_ENTER PYRKON[0] to 8
7;10;Is BEFORE_PYRKON and sent WANT_TO_ENTER PYRKON[0] to 9
7;10;Waiting for Pyrkon.
7;10;STATUS: WIADOMOSC-S '1(0)' do 0
7;11;Received a valid message from [0]
7;11;Waiting for messages.
7;11;Received info that [0] wants to enter Pyrkon.
7;11;Closing semaphore allowing_pyrkon {allow_pyrkon}.
7;11;Sends agreement to enter Pyrkon to [0].
7;12;S-FOR ZGODA [0].
7;12;Opening semaphore allowing_pyrkon.
7;12;STATUS: WIADOMOSC-S '1(0)' do 1
7;12;STATUS: WIADOMOSC-S '1(0)' do 2
7;12;STATUS: WIADOMOSC-S '1(0)' do 3
7;12;STATUS: WIADOMOSC-S '1(0)' do 4
7;12;STATUS: WIADOMOSC-S '1(0)' do 5
7;12;STATUS: WIADOMOSC-S '1(0)' do 6
7;12;STATUS: WIADOMOSC-S '1(0)' do 8
7;13;Received a valid message from [5]
7;13;Waiting for messages.
7;14;Received a valid message from [4]
7;14;Waiting for messages.
7;14;Received info that [5] wants to enter Pyrkon.
7;14;Closing semaphore allowing_pyrkon {allow_pyrkon}.
7;14;Sends agreement to enter Pyrkon to [5].
7;15;S-FOR ZGODA [5].
7;15;Opening semaphore allowing_pyrkon.
7;15;Received info that [4] wants to enter Pyrkon.
7;15;Closing semaphore allowing_pyrkon {allow_pyrkon}.
7;15;Sends agreement to enter Pyrkon to [4].
7;16;S-FOR ZGODA [4].
7;16;Opening semaphore allowing_pyrkon.
7;17;Received a valid message from [6]
7;17;Waiting for messages.
7;17;Received info that [6] wants to enter Pyrkon.
7;17;Closing semaphore allowing_pyrkon {allow_pyrkon}.
7;17;Sends agreement to enter Pyrkon to [6].
7;18;S-FOR ZGODA [6].
7;18;Opening semaphore allowing_pyrkon.
7;19;Received a valid message from [3]
7;19;Waiting for messages.
7;19;Received info that [3] wants to enter Pyrkon.
7;19;Closing semaphore allowing_pyrkon {allow_pyrkon}.
7;19;Sends agreement to enter Pyrkon to [3].
7;20;S-FOR ZGODA [3].
7;20;Opening semaphore allowing_pyrkon.
7;20;STATUS: WIADOMOSC-S '1(0)' do 9
7;20;STATUS: WIADOMOSC-S '2(0)' do 0
7;20;STATUS: WIADOMOSC-S '2(0)' do 5
7;20;STATUS: WIADOMOSC-S '2(0)' do 4
7;20;STATUS: WIADOMOSC-S '2(0)' do 6
7;20;STATUS: WIADOMOSC-S '2(0)' do 3
7;28;Received a valid message from [1]
7;28;Waiting for messages.
7;28;Received info that [1] has left Pyrkon.
7;28;WYSZLO LACZNIE: 1
7;29;Received a valid message from [8]
7;29;Waiting for messages.
7;29;Received info that [8] has left Pyrkon.
7;29;WYSZLO LACZNIE: 2
7;32;Received a valid message from [2]
7;32;Waiting for messages.
7;32;Received info that [2] has left Pyrkon.
7;32;WYSZLO LACZNIE: 3
7;35;Received a valid message from [9]
7;35;Waiting for messages.
7;35;Received info that [9] has left Pyrkon.
7;35;WYSZLO LACZNIE: 4
7;36;Received a valid message from [9]
7;36;Waiting for messages.
7;36;Received agreement to enter Pyrkon from [9].
7;36;AEPE 1

8;0;Closing semaphore allowing_lecture ML before while.
8;0;Waiting for messages.
8;0;STATUS: BEFORE_PYRKON: (0)
8;0;SS 1
8;1;Is BEFORE_PYRKON and sent WANT_TO_ENTER PYRKON[0] to 0
8;1;Is BEFORE_PYRKON and sent WANT_TO_ENTER PYRKON[0] to 1
8;1;Is BEFORE_PYRKON and sent WANT_TO_ENTER PYRKON[0] to 2
8;1;Is BEFORE_PYRKON and sent WANT_TO_ENTER PYRKON[0] to 3
8;1;Is BEFORE_PYRKON and sent WANT_TO_ENTER PYRKON[0] to 4
8;1;Is BEFORE_PYRKON and sent WANT_TO_ENTER PYRKON[0] to 5
8;1;Is BEFORE_PYRKON and sent WANT_TO_ENTER PYRKON[0] to 6
8;1;Is BEFORE_PYRKON and sent WANT_TO_ENTER PYRKON[0] to 7
8;1;Is BEFORE_PYRKON and sent WANT_TO_ENTER PYRKON[0] to 9
8;1;Waiting for Pyrkon.
8;1;STATUS: WIADOMOSC-S '1(0)' do 0
8;1;STATUS: WIADOMOSC-S '1(0)' do 1
8;8;Received a valid message from [0]
8;8;Waiting for messages.
8;8;Received agreement to enter Pyrkon from [0].
8;8;AEPE 1
8;8;STATUS: WIADOMOSC-S '1(0)' do 2
8;8;STATUS: WIADOMOSC-S '1(0)' do 3
8;9;Received a valid message from [3]
8;9;Waiting for messages.
8;9;Received agreement to enter Pyrkon from [3].
8;9;AEPE 2
8;9;STATUS: WIADOMOSC-S '1(0)' do 4
8;9;STATUS: WIADOMOSC-S '1(0)' do 5
8;10;Received a valid message from [5]
8;10;Waiting for messages.
8;10;Received agreement to enter Pyrkon from [5].
8;10;AEPE 3
8;10;STATUS: WIADOMOSC-S '1(0)' do 6
8;10;STATUS: WIADOMOSC-S '1(0)' do 7
8;11;Received a valid message from [4]
8;11;Waiting for messages.
8;12;Received a valid message from [1]
8;12;Waiting for messages.
8;12;Received agreement to enter Pyrkon from [4].
8;12;AEPE 4
8;12;Received info that [1] wants to enter Pyrkon.
8;12;Closing semaphore allowing_pyrkon {allow_pyrkon}.
8;12;Sends agreement to enter Pyrkon to [1].
8;13;S-FOR ZGODA [1].
8;13;Opening semaphore allowing_pyrkon.
8;14;Received a valid message from [9]
8;14;Waiting for messages.
8;14;Received info that [9] wants to enter Pyrkon.
8;14;Closing semaphore allowing_pyrkon {allow_pyrkon}.
8;14;S-FOR CZEKA [9].
8;14;Opening semaphore allowing_pyrkon.
8;15;Received a valid message from [7]
8;15;Waiting for messages.
8;15;STATUS: WIADOMOSC-S '1(0)' do 9
8;15;Received agreement to enter Pyrkon from [7].
8;15;AEPE 5
8;16;Received a valid message from [6]
8;16;Waiting for messages.
8;16;Received agreement to enter Pyrkon from [6].
8;16;AEPE 6
8;16;STATUS: WIADOMOSC-S '2(0)' do 1
8;17;Received a valid message from [2]
8;17;Waiting for messages.
8;17;Received info that [2] wants to enter Pyrkon.
8;17;Closing semaphore allowing_pyrkon {allow_pyrkon}.
8;17;Sends agreement to enter Pyrkon to [2].
8;18;S-FOR ZGODA [2].
8;18;Opening semaphore allowing_pyrkon.
8;18;STATUS: WIADOMOSC-S '2(0)' do 2
8;19;Received a valid message from [9]
8;19;Waiting for messages.
8;19;Received agreement to enter Pyrkon from [9].
8;19;AEPE 7
8;19;SSSR: WCHODZI NA PYRKON (0)
8;19;SS 2
8;19;SS 3
8;19;Opening semaphore wait_for_agreement_to_enter {AEPE}
8;19;STATUS: ENTERING_PYRKON: (0)
8;19;Entering Pyrkon.
8;19;Closing semaphore on_pyrkon_mutex BP1.
8;19;SS 4
8;19;Closing semaphore allowing_pyrkon BP2.
8;19;SS 5
8;19;SS 6
8;19;Opening semaphore allowing_lecture BP.
8;19;BEFORE-E
8;20;Received a valid message from [0]
8;20;Waiting for messages.
8;20;Received info that [0] wants to enter Pyrkon.
8;20;Closing semaphore allowing_pyrkon {allow_pyrkon}.
8;21;Received a valid message from [7]
8;21;Waiting for messages.
8;21;Received info that [7] wants to enter Pyrkon.
8;21;Closing semaphore allowing_pyrkon {allow_pyrkon}.
8;22;Received a valid message from [5]
8;22;Waiting for messages.
8;23;Received a valid message from [4]
8;23;Waiting for messages.
8;23;Received info that [5] wants to enter Pyrkon.
8;23;Closing semaphore allowing_pyrkon {allow_pyrkon}.
8;23;Received info that [4] wants to enter Pyrkon.
8;23;Closing semaphore allowing_pyrkon {allow_pyrkon}.
8;24;Received a valid message from [6]
8;24;Waiting for messages.
8;24;Received info that [6] wants to enter Pyrkon.
8;24;Closing semaphore allowing_pyrkon {allow_pyrkon}.
8;25;Received a valid message from [3]
8;25;Waiting for messages.
8;25;Received info that [3] wants to enter Pyrkon.
8;25;Closing semaphore allowing_pyrkon {allow_pyrkon}.
8;25;STATUS: ON_PYRKON: (0)
8;25;ON-S
8;25;SSS: W TRAKCIE (0)
8;25;STATUS: EXITING_PYRKON: (0)
8;25;Closing semaphore allowing_lecture OP.
8;25;ON-E
8;25;STATUS: AFTER_PYRKON: (0)
8;25;END-S
8;25;SSS: PO (0)
8;26;Is AFTER_PYRKON and sent EXIT PYRKON[0] to 0
8;26;Is AFTER_PYRKON and sent EXIT PYRKON[0] to 1
8;26;Is AFTER_PYRKON and sent EXIT PYRKON[0] to 2
8;26;Is AFTER_PYRKON and sent EXIT PYRKON[0] to 3
8;26;Is AFTER_PYRKON and sent EXIT PYRKON[0] to 4
8;26;Is AFTER_PYRKON and sent EXIT PYRKON[0] to 5
8;26;Is AFTER_PYRKON and sent EXIT PYRKON[0] to 6
8;26;Is AFTER_PYRKON and sent EXIT PYRKON[0] to 7
8;26;Is AFTER_PYRKON and sent EXIT PYRKON[0] to 9
8;26;STATUS: CLEANING
8;26;RR5.
8;26;RR6.
8;26;RR7.
8;26;STATUS: ODPOWIADAM NA STARE WIADOMOSCI
8;26;FFF.
8;27;SEGMENTATION.
8;27;FOR PO [9].
8;27;KKK: 1, 0, -1129013466, 9, 0 
8;27;SEGMENTATION-S
8;27;SEGMENTATION??.
8;27;SEGMENTATION!!.
8;27;STATUS: SKONCZYLEM ODPOWIADAC
8;27;Closing semaphore wait_for_new_pyrkon AP.
8;27;STATUS: WAITING_FOR_NEW_PYRKON: (0)
8;27;STATUS: WIADOMOSC-S '3(0)' do 0
8;27;STATUS: WIADOMOSC-S '3(0)' do 1
8;27;STATUS: WIADOMOSC-S '3(0)' do 2
8;27;STATUS: WIADOMOSC-S '3(0)' do 3
8;27;STATUS: WIADOMOSC-S '3(0)' do 4
8;27;STATUS: WIADOMOSC-S '3(0)' do 5
8;28;STATUS: WIADOMOSC-S '3(0)' do 6
8;28;STATUS: WIADOMOSC-S '3(0)' do 7
8;28;STATUS: WIADOMOSC-S '3(0)' do 9
8;28;STATUS: WIADOMOSC-S '2(0)' do 9

9;0;Waiting for messages.
9;0;Closing semaphore allowing_lecture ML before while.
9;0;STATUS: BEFORE_PYRKON: (0)
9;0;SS 1
9;1;Is BEFORE_PYRKON and sent WANT_TO_ENTER PYRKON[0] to 0
9;1;Is BEFORE_PYRKON and sent WANT_TO_ENTER PYRKON[0] to 1
9;1;Is BEFORE_PYRKON and sent WANT_TO_ENTER PYRKON[0] to 2
9;1;Is BEFORE_PYRKON and sent WANT_TO_ENTER PYRKON[0] to 3
9;1;Is BEFORE_PYRKON and sent WANT_TO_ENTER PYRKON[0] to 4
9;1;Is BEFORE_PYRKON and sent WANT_TO_ENTER PYRKON[0] to 5
9;1;Is BEFORE_PYRKON and sent WANT_TO_ENTER PYRKON[0] to 6
9;1;Is BEFORE_PYRKON and sent WANT_TO_ENTER PYRKON[0] to 7
9;1;Is BEFORE_PYRKON and sent WANT_TO_ENTER PYRKON[0] to 8
9;1;Waiting for Pyrkon.
9;1;STATUS: WIADOMOSC-S '1(0)' do 0
9;4;Received a valid message from [0]
9;4;Waiting for messages.
9;4;Received agreement to enter Pyrkon from [0].
9;4;AEPE 1
9;4;STATUS: WIADOMOSC-S '1(0)' do 1
9;4;STATUS: WIADOMOSC-S '1(0)' do 2
9;4;STATUS: WIADOMOSC-S '1(0)' do 3
9;10;Received a valid message from [3]
9;10;Waiting for messages.
9;10;STATUS: WIADOMOSC-S '1(0)' do 4
9;10;Received agreement to enter Pyrkon from [3].
9;10;AEPE 2
9;10;STATUS: WIADOMOSC-S '1(0)' do 5
9;10;STATUS: WIADOMOSC-S '1(0)' do 6
9;10;STATUS: WIADOMOSC-S '1(0)' do 7
9;11;Received a valid message from [6]
9;11;Waiting for messages.
9;11;Received agreement to enter Pyrkon from [6].
9;11;AEPE 3
9;11;STATUS: WIADOMOSC-S '1(0)' do 8
9;12;Received a valid message from [5]
9;12;Waiting for messages.
9;12;Received agreement to enter Pyrkon from [5].
9;12;AEPE 4
9;13;Received a valid message from [1]
9;13;Waiting for messages.
9;13;Received info that [1] wants to enter Pyrkon.
9;13;Closing semaphore allowing_pyrkon {allow_pyrkon}.
9;13;Sends agreement to enter Pyrkon to [1].
9;14;S-FOR ZGODA [1].
9;14;Opening semaphore allowing_pyrkon.
9;15;Received a valid message from [8]
9;15;Waiting for messages.
9;15;Received info that [8] wants to enter Pyrkon.
9;15;Closing semaphore allowing_pyrkon {allow_pyrkon}.
9;15;Sends agreement to enter Pyrkon to [8].
9;16;S-FOR ZGODA [8].
9;16;Opening semaphore allowing_pyrkon.
9;17;Received a valid message from [4]
9;17;Waiting for messages.
9;17;Received agreement to enter Pyrkon from [4].
9;17;AEPE 5
9;17;STATUS: WIADOMOSC-S '2(0)' do 1
9;18;Received a valid message from [7]
9;18;Waiting for messages.
9;18;Received agreement to enter Pyrkon from [7].
9;18;AEPE 6
9;19;Received a valid message from [2]
9;19;Waiting for messages.
9;19;STATUS: WIADOMOSC-S '2(0)' do 8
9;19;Received info that [2] wants to enter Pyrkon.
9;19;Closing semaphore allowing_pyrkon {allow_pyrkon}.
9;19;Sends agreement to enter Pyrkon to [2].
9;20;S-FOR ZGODA [2].
9;20;Opening semaphore allowing_pyrkon.
9;20;STATUS: WIADOMOSC-S '2(0)' do 2
9;21;Received a valid message from [0]
9;21;Waiting for messages.
9;21;Received info that [0] wants to enter Pyrkon.
9;21;Closing semaphore allowing_pyrkon {allow_pyrkon}.
9;21;S-FOR CZEKA [0].
9;21;Opening semaphore allowing_pyrkon.
9;22;Received a valid message from [5]
9;22;Waiting for messages.
9;22;Received info that [5] wants to enter Pyrkon.
9;22;Closing semaphore allowing_pyrkon {allow_pyrkon}.
9;22;S-FOR CZEKA [5].
9;22;Opening semaphore allowing_pyrkon.
9;23;Received a valid message from [4]
9;23;Waiting for messages.
9;23;Received info that [4] wants to enter Pyrkon.
9;23;Closing semaphore allowing_pyrkon {allow_pyrkon}.
9;23;S-FOR CZEKA [4].
9;23;Opening semaphore allowing_pyrkon.
9;24;Received a valid message from [7]
9;24;Waiting for messages.
9;24;Received info that [7] wants to enter Pyrkon.
9;24;Closing semaphore allowing_pyrkon {allow_pyrkon}.
9;24;S-FOR CZEKA [7].
9;24;Opening semaphore allowing_pyrkon.
9;25;Received a valid message from [3]
9;25;Waiting for messages.
9;26;Received a valid message from [6]
9;26;Waiting for messages.
9;26;Received info that [3] wants to enter Pyrkon.
9;26;Closing semaphore allowing_pyrkon {allow_pyrkon}.
9;26;S-FOR CZEKA [3].
9;26;Opening semaphore allowing_pyrkon.
9;26;Received info that [6] wants to enter Pyrkon.
9;26;Closing semaphore allowing_pyrkon {allow_pyrkon}.
9;26;S-FOR CZEKA [6].
9;26;Opening semaphore allowing_pyrkon.
9;28;Received a valid message from [1]
9;28;Waiting for messages.
9;28;Received info that [1] has left Pyrkon.
9;28;WYSZLO LACZNIE: 1
9;29;Received a valid message from [1]
9;29;Waiting for messages.
9;29;Received agreement to enter Pyrkon from [1].
9;29;AEPE 7
9;29;SSSR: WCHODZI NA PYRKON (0)
9;29;SS 2
9;29;SS 3
9;29;Opening semaphore wait_for_agreement_to_enter {AEPE}
9;29;STATUS: ENTERING_PYRKON: (0)
9;29;Entering Pyrkon.
9;29;Closing semaphore on_pyrkon_mutex BP1.
9;29;SS 4
9;29;Closing semaphore allowing_pyrkon BP2.
9;29;SS 5
9;29;SS 6
9;29;Opening semaphore allowing_lecture BP.
9;29;BEFORE-E
9;30;Received a valid message from [8]
9;30;Waiting for messages.
9;30;Received info that [8] has left Pyrkon.
9;30;WYSZLO LACZNIE: 2
9;31;Received a valid message from [8]
9;31;Waiting for messages.
9;32;Received a valid message from [2]
9;32;Waiting for messages.
9;32;Received info that [2] has left Pyrkon.
9;32;WYSZLO LACZNIE: 3
9;33;Received a valid message from [2]
9;33;Waiting for messages.
9;33;STATUS: ON_PYRKON: (0)
9;33;ON-S
9;33;SSS: W TRAKCIE (0)
9;33;STATUS: EXITING_PYRKON: (0)
9;33;Closing semaphore allowing_lecture OP.
9;33;ON-E
9;33;STATUS: AFTER_PYRKON: (0)
9;33;END-S
9;33;SSS: PO (0)
9;34;Is AFTER_PYRKON and sent EXIT PYRKON[0] to 0
9;34;Is AFTER_PYRKON and sent EXIT PYRKON[0] to 1
9;34;Is AFTER_PYRKON and sent EXIT PYRKON[0] to 2
9;34;Is AFTER_PYRKON and sent EXIT PYRKON[0] to 3
9;34;Is AFTER_PYRKON and sent EXIT PYRKON[0] to 4
9;34;Is AFTER_PYRKON and sent EXIT PYRKON[0] to 5
9;34;Is AFTER_PYRKON and sent EXIT PYRKON[0] to 6
9;34;Is AFTER_PYRKON and sent EXIT PYRKON[0] to 7
9;34;Is AFTER_PYRKON and sent EXIT PYRKON[0] to 8
9;34;STATUS: CLEANING
9;34;RR5.
9;34;RR6.
9;34;RR7.
9;34;STATUS: ODPOWIADAM NA STARE WIADOMOSCI
9;34;FFF.
9;35;SEGMENTATION.
9;35;FOR PO [0].
9;35;KKK: 10, 0, -1846517978, 0, 0 
9;35;SEGMENTATION-S
9;36;SEGMENTATION.
9;36;FOR PO [5].
9;36;KKK: 10, 0, -628330714, 5, 0 
9;36;SEGMENTATION-S
9;37;SEGMENTATION.
9;37;FOR PO [4].
9;37;KKK: 10, 0, 1322516262, 4, 0 
9;37;SEGMENTATION-S
9;38;SEGMENTATION.
9;38;FOR PO [7].
9;38;KKK: 10, 0, 880881446, 7, 0 
9;38;SEGMENTATION-S
9;39;SEGMENTATION.
9;39;FOR PO [3].
9;39;KKK: 10, 0, 1101598502, 3, 0 
9;39;SEGMENTATION-S
9;40;SEGMENTATION.
9;40;FOR PO [6].
9;40;KKK: 10, 0, -1532133594, 6, 0 
9;40;SEGMENTATION-S
9;40;SEGMENTATION??.
9;40;SEGMENTATION!!.
9;40;STATUS: SKONCZYLEM ODPOWIADAC
9;40;Closing semaphore wait_for_new_pyrkon AP.
9;40;STATUS: WAITING_FOR_NEW_PYRKON: (0)
9;40;STATUS: WIADOMOSC-S '3(0)' do 0
9;40;STATUS: WIADOMOSC-S '3(0)' do 1
9;40;STATUS: WIADOMOSC-S '3(0)' do 2
9;40;STATUS: WIADOMOSC-S '3(0)' do 3
9;40;STATUS: WIADOMOSC-S '3(0)' do 4
9;40;STATUS: WIADOMOSC-S '3(0)' do 5
9;40;STATUS: WIADOMOSC-S '3(0)' do 6
9;40;STATUS: WIADOMOSC-S '3(0)' do 7
9;40;STATUS: WIADOMOSC-S '3(0)' do 8
9;40;STATUS: WIADOMOSC-S '2(0)' do 0
9;40;STATUS: WIADOMOSC-S '2(0)' do 5
9;40;STATUS: WIADOMOSC-S '2(0)' do 4
9;40;STATUS: WIADOMOSC-S '2(0)' do 7
9;40;STATUS: WIADOMOSC-S '2(0)' do 3
9;40;STATUS: WIADOMOSC-S '2(0)' do 6
